{
    "train_metrics": {
        "accuracy": 0.985,
        "roc_auc": 0.9984046850073204,
        "f1_score": 0.985239852398524,
        "precision": 0.9709090909090909,
        "recall": 1.0,
        "confusion_matrix": [
            [
                775,
                24
            ],
            [
                0,
                801
            ]
        ]
    },
    "test_metrics": {
        "accuracy": 0.99,
        "roc_auc": 1.0,
        "f1_score": 0.9900497512437811,
        "precision": 0.9802955665024631,
        "recall": 1.0,
        "confusion_matrix": [
            [
                197,
                4
            ],
            [
                0,
                199
            ]
        ]
    }
}