{
    "train_metrics": {
        "accuracy": 0.998125,
        "roc_auc": 0.9999437499121092,
        "f1_score": 0.9981308411214953,
        "precision": 0.996268656716418,
        "recall": 1.0,
        "confusion_matrix": [
            [
                796,
                3
            ],
            [
                0,
                801
            ]
        ]
    },
    "test_metrics": {
        "accuracy": 1.0,
        "roc_auc": 1.0,
        "f1_score": 1.0,
        "precision": 1.0,
        "recall": 1.0,
        "confusion_matrix": [
            [
                201,
                0
            ],
            [
                0,
                199
            ]
        ]
    }
}