{
    "train_metrics": {
        "accuracy": 0.905625,
        "roc_auc": 0.9057396964682757,
        "f1_score": 0.8962199312714777,
        "precision": 0.9969418960244648,
        "recall": 0.8139825218476904,
        "confusion_matrix": [
            [
                797,
                2
            ],
            [
                149,
                652
            ]
        ]
    },
    "test_metrics": {
        "accuracy": 0.905,
        "roc_auc": 0.9045226130653266,
        "f1_score": 0.8944444444444445,
        "precision": 1.0,
        "recall": 0.8090452261306532,
        "confusion_matrix": [
            [
                201,
                0
            ],
            [
                38,
                161
            ]
        ]
    }
}